<?xml version="1.0" encoding="UTF-8"?>
<project-private xmlns="http://www.netbeans.org/ns/project-private/1">
    <editor-bookmarks xmlns="http://www.netbeans.org/ns/editor-bookmarks/2" lastBookmarkId="0"/>
    <open-files xmlns="http://www.netbeans.org/ns/projectui-open-files/2">
        <group>
            <file>file:/Users/santiago/Dropbox/CRUDPersonnesServletsMLogin%20(1)/web/index.jsp</file>
            <file>file:/Users/santiago/Dropbox/CRUDPersonnesServletsMLogin%20(1)/src/java/servlets/ServletEffacerPersonne.java</file>
        </group>
        <group name="Technologies actuelles">
            <file>file:/C:/Users/ranjit.kumar/Documents/Dropbox/CRUDPersonnesServletsMLogin/web/creationPersonne.jsp</file>
            <file>file:/C:/Users/ranjit.kumar/Documents/Dropbox/CRUDPersonnesServletsMLogin/web/index.jsp</file>
            <file>file:/C:/Users/ranjit.kumar/Documents/Dropbox/CRUDPersonnesServletsMLogin/src/java/servlets/ServletMAJPersonne.java</file>
        </group>
        <group name="CRUDPersonnesServletsMLogin">
            <file>file:/Users/Sa7bi/Dropbox/CRUDPersonnesServletsMLogin/src/java/DAO/DBDataSource.java</file>
            <file>file:/Users/Sa7bi/Dropbox/CRUDPersonnesServletsMLogin/web/recherchePersonne.jsp</file>
            <file>file:/Users/Sa7bi/Dropbox/CRUDPersonnesServletsMLogin/web/login.jsp</file>
            <file>file:/Users/Sa7bi/Dropbox/CRUDPersonnesServletsMLogin/src/java/servlets/ServletLogin.java</file>
            <file>file:/Users/Sa7bi/Dropbox/CRUDPersonnesServletsMLogin/src/java/MemoryUser/Utilisateurs.java</file>
            <file>file:/Users/Sa7bi/Dropbox/CRUDPersonnesServletsMLogin/src/java/servlets/ServletPoints.java</file>
            <file>file:/Users/Sa7bi/Dropbox/CRUDPersonnesServletsMLogin/src/java/servlets/ServletProfil.java</file>
        </group>
    </open-files>
</project-private>
